[
  {
    "name": "lista-contatos",
    "titulo": "Contactos",
    "objetivo": "Presenta todos los contactos registro"
  },
  {
    "name": "contatos-por-etiquetas",
    "titulo": "Contactos de etiqueta",
    "objetivo": "Presenta los contactos que se señalaron con la etiqueta filtrada."
  },
  // {
  //   "name": "contatos-por-estado",
  //   "titulo": "Contactos por estado",
  //   "objetivo": "Presenta los contactos separados por estado"
  // },
  {
    "name": "estatisticas-atendimentos-usuarios",
    "titulo": "Resumen de Atenciones por Usuarios",
    "objetivo": "Presenta el resumen de la atención por parte de los usuarios."
  }
]
